,Paper Title,Authors,Description,Tags/Comments,Conference Venue,Year,Paper link,Additional resources
0,"Series([], )",[],N/A,"Viability Assessments-General, Problem Identification","Series([], )","Series([], )","Series([], )",N/A
1,"Series([], )",[],N/A,"Viability Assessments-General, Problem Identification","Series([], )","Series([], )","Series([], )",N/A
2,"Series([], )",[],N/A,"Viability Assessments-General, Problem Identification","Series([], )","Series([], )","Series([], )",N/A
3,"Series([], )",[],N/A,"Viability Assessments-General, Measurement","Series([], )","Series([], )","Series([], )",N/A
4,"Series([], )",[],N/A,"Viability Assessments-General, Measurement","Series([], )","Series([], )","Series([], )",N/A
5,"Series([], )",[],N/A,"Problem Formulation-Prediction Target, Problem Identification","Series([], )","Series([], )","Series([], )",N/A
6,"Series([], )",[],N/A,"Problem Formulation-Prediction Target, Problem Identification","Series([], )","Series([], )","Series([], )",N/A
7,"Series([], )",[],N/A,"Problem Formulation-Prediction Target, Problem Identification","Series([], )","Series([], )","Series([], )",N/A
8,"Series([], )",[],N/A,"Problem Formulation-Prediction Target, Problem Identification","Series([], )","Series([], )","Series([], )",N/A
9,"Series([], )",[],N/A,"Problem Formulation-Prediction Target, Mitigation","Series([], )","Series([], )","Series([], )",N/A
10,"Series([], )",[],N/A,"Problem Formulation-Predictive Attributes, Problem Identification","Series([], )","Series([], )","Series([], )",N/A
11,"Series([], )",[],N/A,"Problem Formulation-General, Problem Identification","Series([], )","Series([], )","Series([], )",N/A
12,"Series([], )",[],N/A,"Problem Formulation-General, Problem Identification","Series([], )","Series([], )","Series([], )",N/A
13,"Series([], )",[],N/A,"Problem Formulation-General, Problem Identification","Series([], )","Series([], )","Series([], )",N/A
14,"Series([], )",[],N/A,"Problem Formulation-General, Problem Identification","Series([], )","Series([], )","Series([], )",N/A
15,"Series([], )",[],N/A,"Problem Formulation-General, Problem Identification","Series([], )","Series([], )","Series([], )",N/A
16,"Series([], )",[],N/A,"Problem Formulation-General, Problem Identification","Series([], )","Series([], )","Series([], )",N/A
17,"Series([], )",[],N/A,"Problem Formulation-General, Problem Identification","Series([], )","Series([], )","Series([], )",N/A
18,"Series([], )",[],N/A,"Problem Formulation-General, Problem Identification","Series([], )","Series([], )","Series([], )",N/A
19,"Series([], )",[],N/A,"Problem Formulation-General, Problem Identification","Series([], )","Series([], )","Series([], )",N/A
20,"Series([], )",[],N/A,"Problem Formulation-General, Problem Identification","Series([], )","Series([], )","Series([], )",N/A
21,"Series([], )",[],N/A,"Problem Formulation-General, Problem Identification","Series([], )","Series([], )","Series([], )",N/A
22,"Series([], )",[],N/A,"Data Collection-Sampling, Problem Identification","Series([], )","Series([], )","Series([], )",N/A
23,"Series([], )",[],N/A,"Data Collection-Sampling, Problem Identification","Series([], )","Series([], )","Series([], )",N/A
24,"Series([], )",[],N/A,"Data Collection-Sampling, Problem Identification","Series([], )","Series([], )","Series([], )",N/A
25,"Series([], )",[],N/A,"Data Collection-Sampling, Problem Identification","Series([], )","Series([], )","Series([], )",N/A
26,"Series([], )",[],N/A,"Data Collection-Sampling, Problem Identification","Series([], )","Series([], )","Series([], )",N/A
27,"Series([], )",[],N/A,"Data Collection-Sampling, Measurement","Series([], )","Series([], )","Series([], )",N/A
28,"Series([], )",[],N/A,"Data Collection-Sampling, Measurement","Series([], )","Series([], )","Series([], )",N/A
29,"Series([], )",[],N/A,"Data Collection-Sampling, Mitigation","Series([], )","Series([], )","Series([], )",N/A
30,"Series([], )",[],N/A,"Data Collection-Sampling, Mitigation","Series([], )","Series([], )","Series([], )",N/A
31,"Series([], )",[],N/A,"Data Collection-Sampling, Mitigation","Series([], )","Series([], )","Series([], )",N/A
32,"Series([], )",[],N/A,"Data Collection-Sampling, Mitigation","Series([], )","Series([], )","Series([], )",N/A
33,"Series([], )",[],N/A,"Data Collection-Sampling, Mitigation","Series([], )","Series([], )","Series([], )",N/A
34,"Series([], )",[],N/A,"Data Collection-Sampling, Mitigation","Series([], )","Series([], )","Series([], )",N/A
35,"Series([], )",[],N/A,"Data Collection-Annotation, Problem Identification","Series([], )","Series([], )","Series([], )",N/A
36,"Series([], )",[],N/A,"Data Collection-Annotation, Problem Identification","Series([], )","Series([], )","Series([], )",N/A
37,"Series([], )",[],N/A,"Data Collection-Annotation, Problem Identification","Series([], )","Series([], )","Series([], )",N/A
38,"Series([], )",[],N/A,"Data Collection-Annotation, Problem Identification","Series([], )","Series([], )","Series([], )",N/A
39,"Series([], )",[],N/A,"Data Collection-Annotation, Measurement","Series([], )","Series([], )","Series([], )",N/A
40,"Series([], )",[],N/A,"Data Collection-Annotation, Measurement","Series([], )","Series([], )","Series([], )",N/A
41,"Series([], )",[],N/A,"Data Collection-Annotation, Measurement","Series([], )","Series([], )","Series([], )",N/A
42,"Series([], )",[],N/A,"Data Collection-Annotation, Mitigation","Series([], )","Series([], )","Series([], )",N/A
43,"Series([], )",[],N/A,"Data Collection-Feature Measurement, Problem Identification","Series([], )","Series([], )","Series([], )",N/A
44,"Series([], )",[],N/A,"Data Collection-Feature Measurement, Problem Identification","Series([], )","Series([], )","Series([], )",N/A
45,"Series([], )",[],N/A,"Data Collection-Feature Measurement, Problem Identification","Series([], )","Series([], )","Series([], )",N/A
46,"Series([], )",[],N/A,"Data Collection-Feature Measurement, Measurement","Series([], )","Series([], )","Series([], )",N/A
47,"Series([], )",[],N/A,"Data Collection-General, Problem Identification","Series([], )","Series([], )","Series([], )",N/A
48,"Series([], )",[],N/A,"Data Collection-General, Problem Identification","Series([], )","Series([], )","Series([], )",N/A
49,"Series([], )",[],N/A,"Data Collection-General, Problem Identification","Series([], )","Series([], )","Series([], )",N/A
50,"Series([], )",[],N/A,"Data Collection-General, Problem Identification","Series([], )","Series([], )","Series([], )",N/A
51,"Series([], )",[],N/A,"Data Collection-General, Problem Identification","Series([], )","Series([], )","Series([], )",N/A
52,"Series([], )",[],N/A,"Data Collection-General, Problem Identification","Series([], )","Series([], )","Series([], )",N/A
53,"Series([], )",[],N/A,"Data Collection-General, Measurement","Series([], )","Series([], )","Series([], )",N/A
54,"Series([], )",[],N/A,"Data Collection-General, Measurement","Series([], )","Series([], )","Series([], )",N/A
55,"Series([], )",[],N/A,"Data Collection-General, Measurement","Series([], )","Series([], )","Series([], )",N/A
56,"Series([], )",[],N/A,"Data Collection-General, Measurement","Series([], )","Series([], )","Series([], )",N/A
57,"Series([], )",[],N/A,"Data Collection-General, Measurement","Series([], )","Series([], )","Series([], )",N/A
58,"Series([], )",[],N/A,"Data Collection-General, Measurement","Series([], )","Series([], )","Series([], )",N/A
59,"Series([], )",[],N/A,"Data Collection-General, Measurement","Series([], )","Series([], )","Series([], )",N/A
60,"Series([], )",[],N/A,"Data Collection-General, Measurement","Series([], )","Series([], )","Series([], )",N/A
61,"Series([], )",[],N/A,"Data Collection-General, Measurement","Series([], )","Series([], )","Series([], )",N/A
62,"Series([], )",[],N/A,"Data Collection-General, Mitigation","Series([], )","Series([], )","Series([], )",N/A
63,"Series([], )",[],N/A,"Data Collection-General, Mitigation","Series([], )","Series([], )","Series([], )",N/A
64,"Series([], )",[],N/A,"Data Collection-General, Mitigation","Series([], )","Series([], )","Series([], )",N/A
65,"Series([], )",[],N/A,"Data Preprocessing-Feature Selection, Problem Identification","Series([], )","Series([], )","Series([], )",N/A
66,"Series([], )",[],N/A,"Data Preprocessing-Feature Selection, Problem Identification","Series([], )","Series([], )","Series([], )",N/A
67,"Series([], )",[],N/A,"Data Preprocessing-Feature Selection, Problem Identification","Series([], )","Series([], )","Series([], )",N/A
68,"Series([], )",[],N/A,"Data Preprocessing-Feature Selection, Problem Identification","Series([], )","Series([], )","Series([], )",N/A
69,"Series([], )",[],N/A,"Data Preprocessing-Feature Selection, Measurement","Series([], )","Series([], )","Series([], )",N/A
70,"Series([], )",[],N/A,"Data Preprocessing-Feature Selection, Measurement","Series([], )","Series([], )","Series([], )",N/A
71,"Series([], )",[],N/A,"Data Preprocessing-Feature Selection, Mitigation","Series([], )","Series([], )","Series([], )",N/A
72,"Series([], )",[],N/A,"Data Preprocessing-Feature Selection, Mitigation","Series([], )","Series([], )","Series([], )",N/A
73,"Series([], )",[],N/A,"Data Preprocessing-Feature Selection, Mitigation","Series([], )","Series([], )","Series([], )",N/A
74,"Series([], )",[],N/A,"Data Preprocessing-Data Cleaning (Omission), Measurement","Series([], )","Series([], )","Series([], )",N/A
75,"Series([], )",[],N/A,"Data Preprocessing-Data Cleaning (Omission), Measurement","Series([], )","Series([], )","Series([], )",N/A
76,"Series([], )",[],N/A,"Data Preprocessing-Data Cleaning (Omission), Mitigation","Series([], )","Series([], )","Series([], )",N/A
77,"Series([], )",[],N/A,"Data Preprocessing-Data Cleaning (Omission), Mitigation","Series([], )","Series([], )","Series([], )",N/A
78,"Series([], )",[],N/A,"Data Preprocessing-Data Cleaning (Omission), Mitigation","Series([], )","Series([], )","Series([], )",N/A
79,"Series([], )",[],N/A,"Data Preprocessing-Data Cleaning (Omission), Mitigation","Series([], )","Series([], )","Series([], )",N/A
80,"Series([], )",[],N/A,"Data Preprocessing-General, Problem Identification","Series([], )","Series([], )","Series([], )",N/A
81,"Series([], )",[],N/A,"Data Preprocessing-General, Problem Identification","Series([], )","Series([], )","Series([], )",N/A
82,"Series([], )",[],N/A,"Data Preprocessing-General, Problem Identification","Series([], )","Series([], )","Series([], )",N/A
83,"Series([], )",[],N/A,"Data Preprocessing-General, Problem Identification","Series([], )","Series([], )","Series([], )",N/A
84,"Series([], )",[],N/A,"Data Preprocessing-General, Measurement","Series([], )","Series([], )","Series([], )",N/A
85,"Series([], )",[],N/A,"Data Preprocessing-General, Measurement","Series([], )","Series([], )","Series([], )",N/A
86,"Series([], )",[],N/A,"Data Preprocessing-General, Measurement","Series([], )","Series([], )","Series([], )",N/A
87,"Series([], )",[],N/A,"Data Preprocessing-General, Measurement","Series([], )","Series([], )","Series([], )",N/A
88,"Series([], )",[],N/A,"Data Preprocessing-General, Measurement","Series([], )","Series([], )","Series([], )",N/A
89,"Series([], )",[],N/A,"Data Preprocessing-General, Measurement","Series([], )","Series([], )","Series([], )",N/A
90,"Series([], )",[],N/A,"Data Preprocessing-General, Mitigation","Series([], )","Series([], )","Series([], )",N/A
91,"Series([], )",[],N/A,"Data Preprocessing-General, Mitigation","Series([], )","Series([], )","Series([], )",N/A
92,"Series([], )",[],N/A,"Data Preprocessing-General, Mitigation","Series([], )","Series([], )","Series([], )",N/A
93,"Series([], )",[],N/A,"Data Preprocessing-General, Mitigation","Series([], )","Series([], )","Series([], )",N/A
94,"Series([], )",[],N/A,"Data Preprocessing-General, Mitigation","Series([], )","Series([], )","Series([], )",N/A
95,"Series([], )",[],N/A,"Data Preprocessing-General, Mitigation","Series([], )","Series([], )","Series([], )",N/A
96,"Series([], )",[],N/A,"Data Preprocessing-General, Mitigation","Series([], )","Series([], )","Series([], )",N/A
97,"Series([], )",[],N/A,"Data Preprocessing-General, Mitigation","Series([], )","Series([], )","Series([], )",N/A
98,"Series([], )",[],N/A,"Data Preprocessing-General, Mitigation","Series([], )","Series([], )","Series([], )",N/A
99,"Series([], )",[],N/A,"Data Preprocessing-General, Mitigation","Series([], )","Series([], )","Series([], )",N/A
100,"Series([], )",[],N/A,"Data Preprocessing-General, Mitigation","Series([], )","Series([], )","Series([], )",N/A
101,"Series([], )",[],N/A,"Data Preprocessing-General, Mitigation","Series([], )","Series([], )","Series([], )",N/A
102,"Series([], )",[],N/A,"Statistical Modeling-Hypothesis Class, Problem Identification","Series([], )","Series([], )","Series([], )",N/A
103,"Series([], )",[],N/A,"Statistical Modeling-Hypothesis Class, Problem Identification","Series([], )","Series([], )","Series([], )",N/A
104,"Series([], )",[],N/A,"Statistical Modeling-Hypothesis Class, Measurement","Series([], )","Series([], )","Series([], )",N/A
105,"Series([], )",[],N/A,"Statistical Modeling-Hypothesis Class, Mitigation","Series([], )","Series([], )","Series([], )",N/A
106,"Series([], )",[],N/A,"Statistical Modeling-Optimization Function, Problem Identification","Series([], )","Series([], )","Series([], )",N/A
107,"Series([], )",[],N/A,"Statistical Modeling-Optimization Function, Problem Identification","Series([], )","Series([], )","Series([], )",N/A
108,"Series([], )",[],N/A,"Statistical Modeling-Optimization Function, Problem Identification","Series([], )","Series([], )","Series([], )",N/A
109,"Series([], )",[],N/A,"Statistical Modeling-Optimization Function, Problem Identification","Series([], )","Series([], )","Series([], )",N/A
110,"Series([], )",[],N/A,"Statistical Modeling-Optimization Function, Measurement","Series([], )","Series([], )","Series([], )",N/A
111,"Series([], )",[],N/A,"Statistical Modeling-Optimization Function, Mitigation","Series([], )","Series([], )","Series([], )",N/A
112,"Series([], )",[],N/A,"Statistical Modeling-Optimization Function, Mitigation","Series([], )","Series([], )","Series([], )",N/A
113,"Series([], )",[],N/A,"Statistical Modeling-Optimization Function, Mitigation","Series([], )","Series([], )","Series([], )",N/A
114,"Series([], )",[],N/A,"Statistical Modeling-Optimization Function, Mitigation","Series([], )","Series([], )","Series([], )",N/A
115,"Series([], )",[],N/A,"Statistical Modeling-Optimization Function, Mitigation","Series([], )","Series([], )","Series([], )",N/A
116,"Series([], )",[],N/A,"Statistical Modeling-Optimization Function, Mitigation","Series([], )","Series([], )","Series([], )",N/A
117,"Series([], )",[],N/A,"Statistical Modeling-Optimization Function, Mitigation","Series([], )","Series([], )","Series([], )",N/A
118,"Series([], )",[],N/A,"Statistical Modeling-Optimization Function, Mitigation","Series([], )","Series([], )","Series([], )",N/A
119,"Series([], )",[],N/A,"Statistical Modeling-Optimization Function, Mitigation","Series([], )","Series([], )","Series([], )",N/A
120,"Series([], )",[],N/A,"Statistical Modeling-Optimization Function, Mitigation","Series([], )","Series([], )","Series([], )",N/A
121,"Series([], )",[],N/A,"Statistical Modeling-Optimization Function, Mitigation","Series([], )","Series([], )","Series([], )",N/A
122,"Series([], )",[],N/A,"Statistical Modeling-Optimization Function, Mitigation","Series([], )","Series([], )","Series([], )",N/A
123,"Series([], )",[],N/A,"Statistical Modeling-Optimization Function, Mitigation","Series([], )","Series([], )","Series([], )",N/A
124,"Series([], )",[],N/A,"Statistical Modeling-Optimization Function, Mitigation","Series([], )","Series([], )","Series([], )",N/A
125,"Series([], )",[],N/A,"Statistical Modeling-Optimization Function, Mitigation","Series([], )","Series([], )","Series([], )",N/A
126,"Series([], )",[],N/A,"Statistical Modeling-Regularizers, Mitigation","Series([], )","Series([], )","Series([], )",N/A
127,"Series([], )",[],N/A,"Statistical Modeling-Regularizers, Mitigation","Series([], )","Series([], )","Series([], )",N/A
128,"Series([], )",[],N/A,"Statistical Modeling-Hyperparameters, Problem Identification","Series([], )","Series([], )","Series([], )",N/A
129,"Series([], )",[],N/A,"Statistical Modeling-Hyperparameters, Mitigation","Series([], )","Series([], )","Series([], )",N/A
130,"Series([], )",[],N/A,"Statistical Modeling-Hyperparameters, Mitigation","Series([], )","Series([], )","Series([], )",N/A
131,"Series([], )",[],N/A,"Statistical Modeling-Hyperparameters, Mitigation","Series([], )","Series([], )","Series([], )",N/A
132,"Series([], )",[],N/A,"Statistical Modeling-Hyperparameters, Mitigation","Series([], )","Series([], )","Series([], )",N/A
133,"Series([], )",[],N/A,"Statistical Modeling-Hyperparameters, Mitigation","Series([], )","Series([], )","Series([], )",N/A
134,"Series([], )",[],N/A,"Statistical Modeling-General, Problem Identification","Series([], )","Series([], )","Series([], )",N/A
135,"Series([], )",[],N/A,"Statistical Modeling-General, Problem Identification","Series([], )","Series([], )","Series([], )",N/A
136,"Series([], )",[],N/A,"Statistical Modeling-General, Problem Identification","Series([], )","Series([], )","Series([], )",N/A
137,"Series([], )",[],N/A,"Statistical Modeling-General, Problem Identification","Series([], )","Series([], )","Series([], )",N/A
138,"Series([], )",[],N/A,"Statistical Modeling-General, Problem Identification","Series([], )","Series([], )","Series([], )",N/A
139,"Series([], )",[],N/A,"Statistical Modeling-General, Problem Identification","Series([], )","Series([], )","Series([], )",N/A
140,"Series([], )",[],N/A,"Statistical Modeling-General, Problem Identification","Series([], )","Series([], )","Series([], )",N/A
141,"Series([], )",[],N/A,"Statistical Modeling-General, Problem Identification","Series([], )","Series([], )","Series([], )",N/A
142,"Series([], )",[],N/A,"Statistical Modeling-General, Measurement","Series([], )","Series([], )","Series([], )",N/A
143,"Series([], )",[],N/A,"Statistical Modeling-General, Measurement","Series([], )","Series([], )","Series([], )",N/A
144,"Series([], )",[],N/A,"Statistical Modeling-General, Measurement","Series([], )","Series([], )","Series([], )",N/A
145,"Series([], )",[],N/A,"Statistical Modeling-General, Measurement","Series([], )","Series([], )","Series([], )",N/A
146,"Series([], )",[],N/A,"Statistical Modeling-General, Measurement","Series([], )","Series([], )","Series([], )",N/A
147,"Series([], )",[],N/A,"Statistical Modeling-General, Mitigation","Series([], )","Series([], )","Series([], )",N/A
148,"Series([], )",[],N/A,"Statistical Modeling-General, Mitigation","Series([], )","Series([], )","Series([], )",N/A
149,"Series([], )",[],N/A,"Statistical Modeling-General, Mitigation","Series([], )","Series([], )","Series([], )",N/A
150,"Series([], )",[],N/A,"Statistical Modeling-General, Mitigation","Series([], )","Series([], )","Series([], )",N/A
151,"Series([], )",[],N/A,"Statistical Modeling-General, Mitigation","Series([], )","Series([], )","Series([], )",N/A
152,"Series([], )",[],N/A,"Statistical Modeling-General, Mitigation","Series([], )","Series([], )","Series([], )",N/A
153,"Series([], )",[],N/A,"Statistical Modeling-General, Mitigation","Series([], )","Series([], )","Series([], )",N/A
154,"Series([], )",[],N/A,"Statistical Modeling-General, Mitigation","Series([], )","Series([], )","Series([], )",N/A
155,"Series([], )",[],N/A,"Statistical Modeling-General, Mitigation","Series([], )","Series([], )","Series([], )",N/A
156,"Series([], )",[],N/A,"Statistical Modeling-General, Mitigation","Series([], )","Series([], )","Series([], )",N/A
157,"Series([], )",[],N/A,"Statistical Modeling-General, Mitigation","Series([], )","Series([], )","Series([], )",N/A
158,"Series([], )",[],N/A,"Statistical Modeling-General, Mitigation","Series([], )","Series([], )","Series([], )",N/A
159,"Series([], )",[],N/A,"Statistical Modeling-General, Mitigation","Series([], )","Series([], )","Series([], )",N/A
160,"Series([], )",[],N/A,"Statistical Modeling-General, Mitigation","Series([], )","Series([], )","Series([], )",N/A
161,"Series([], )",[],N/A,"Statistical Modeling-General, Mitigation","Series([], )","Series([], )","Series([], )",N/A
162,"Series([], )",[],N/A,"Statistical Modeling-General, Mitigation","Series([], )","Series([], )","Series([], )",N/A
163,"Series([], )",[],N/A,"Statistical Modeling-General, Mitigation","Series([], )","Series([], )","Series([], )",N/A
164,"Series([], )",[],N/A,"Statistical Modeling-General, Mitigation","Series([], )","Series([], )","Series([], )",N/A
165,"Series([], )",[],N/A,"Statistical Modeling-General, Mitigation","Series([], )","Series([], )","Series([], )",N/A
166,"Series([], )",[],N/A,"Statistical Modeling-General, Mitigation","Series([], )","Series([], )","Series([], )",N/A
167,"Series([], )",[],N/A,"Statistical Modeling-General, Mitigation","Series([], )","Series([], )","Series([], )",N/A
168,"Series([], )",[],N/A,"Statistical Modeling-General, Mitigation","Series([], )","Series([], )","Series([], )",N/A
169,"Series([], )",[],N/A,"Statistical Modeling-General, Mitigation","Series([], )","Series([], )","Series([], )",N/A
170,"Series([], )",[],N/A,"Statistical Modeling-General, Mitigation","Series([], )","Series([], )","Series([], )",N/A
171,"Series([], )",[],N/A,"Statistical Modeling-General, Mitigation","Series([], )","Series([], )","Series([], )",N/A
172,"Series([], )",[],N/A,"Statistical Modeling-General, Mitigation","Series([], )","Series([], )","Series([], )",N/A
173,"Series([], )",[],N/A,"Statistical Modeling-General, Mitigation","Series([], )","Series([], )","Series([], )",N/A
174,"Series([], )",[],N/A,"Statistical Modeling-General, Mitigation","Series([], )","Series([], )","Series([], )",N/A
175,"Series([], )",[],N/A,"Statistical Modeling-General, Mitigation","Series([], )","Series([], )","Series([], )",N/A
176,"Series([], )",[],N/A,"Statistical Modeling-General, Mitigation","Series([], )","Series([], )","Series([], )",N/A
177,"Series([], )",[],N/A,"Statistical Modeling-General, Mitigation","Series([], )","Series([], )","Series([], )",N/A
178,"Series([], )",[],N/A,"Statistical Modeling-General, Mitigation","Series([], )","Series([], )","Series([], )",N/A
179,"Series([], )",[],N/A,"Statistical Modeling-General, Mitigation","Series([], )","Series([], )","Series([], )",N/A
180,"Series([], )",[],N/A,"Statistical Modeling-General, Mitigation","Series([], )","Series([], )","Series([], )",N/A
181,"Series([], )",[],N/A,"Statistical Modeling-General, Mitigation","Series([], )","Series([], )","Series([], )",N/A
182,"Series([], )",[],N/A,"Statistical Modeling-General, Mitigation","Series([], )","Series([], )","Series([], )",N/A
183,"Series([], )",[],N/A,"Statistical Modeling-General, Mitigation","Series([], )","Series([], )","Series([], )",N/A
184,"Series([], )",[],N/A,"Statistical Modeling-General, Mitigation","Series([], )","Series([], )","Series([], )",N/A
185,"Series([], )",[],N/A,"Statistical Modeling-General, Mitigation","Series([], )","Series([], )","Series([], )",N/A
186,"Series([], )",[],N/A,"Statistical Modeling-General, Mitigation","Series([], )","Series([], )","Series([], )",N/A
187,"Series([], )",[],N/A,"Statistical Modeling-General, Mitigation","Series([], )","Series([], )","Series([], )",N/A
188,"Series([], )",[],N/A,"Statistical Modeling-General, Mitigation","Series([], )","Series([], )","Series([], )",N/A
189,"Series([], )",[],N/A,"Statistical Modeling-General, Mitigation","Series([], )","Series([], )","Series([], )",N/A
190,"Series([], )",[],N/A,"Statistical Modeling-General, Mitigation","Series([], )","Series([], )","Series([], )",N/A
191,"Series([], )",[],N/A,"Statistical Modeling-General, Mitigation","Series([], )","Series([], )","Series([], )",N/A
192,"Series([], )",[],N/A,"Statistical Modeling-General, Mitigation","Series([], )","Series([], )","Series([], )",N/A
193,"Series([], )",[],N/A,"Statistical Modeling-General, Mitigation","Series([], )","Series([], )","Series([], )",N/A
194,"Series([], )",[],N/A,"Statistical Modeling-General, Mitigation","Series([], )","Series([], )","Series([], )",N/A
195,"Series([], )",[],N/A,"Statistical Modeling-General, Mitigation","Series([], )","Series([], )","Series([], )",N/A
196,"Series([], )",[],N/A,"Statistical Modeling-General, Mitigation","Series([], )","Series([], )","Series([], )",N/A
197,"Series([], )",[],N/A,"Statistical Modeling-General, Mitigation","Series([], )","Series([], )","Series([], )",N/A
198,"Series([], )",[],N/A,"Statistical Modeling-General, Mitigation","Series([], )","Series([], )","Series([], )",N/A
199,"Series([], )",[],N/A,"Statistical Modeling-General, Mitigation","Series([], )","Series([], )","Series([], )",N/A
200,"Series([], )",[],N/A,"Statistical Modeling-General, Mitigation","Series([], )","Series([], )","Series([], )",N/A
201,"Series([], )",[],N/A,"Statistical Modeling-General, Mitigation","Series([], )","Series([], )","Series([], )",N/A
202,"Series([], )",[],N/A,"Statistical Modeling-General, Mitigation","Series([], )","Series([], )","Series([], )",N/A
203,"Series([], )",[],N/A,"Statistical Modeling-General, Mitigation","Series([], )","Series([], )","Series([], )",N/A
204,"Series([], )",[],N/A,"Statistical Modeling-General, Mitigation","Series([], )","Series([], )","Series([], )",N/A
205,"Series([], )",[],N/A,"Statistical Modeling-General, Mitigation","Series([], )","Series([], )","Series([], )",N/A
206,"Series([], )",[],N/A,"Statistical Modeling-General, Mitigation","Series([], )","Series([], )","Series([], )",N/A
207,"Series([], )",[],N/A,"Statistical Modeling-General, Mitigation","Series([], )","Series([], )","Series([], )",N/A
208,"Series([], )",[],N/A,"Statistical Modeling-General, Mitigation","Series([], )","Series([], )","Series([], )",N/A
209,"Series([], )",[],N/A,"Statistical Modeling-General, Mitigation","Series([], )","Series([], )","Series([], )",N/A
210,"Series([], )",[],N/A,"Statistical Modeling-General, Mitigation","Series([], )","Series([], )","Series([], )",N/A
211,"Series([], )",[],N/A,"Statistical Modeling-General, Mitigation","Series([], )","Series([], )","Series([], )",N/A
212,"Series([], )",[],N/A,"Statistical Modeling-General, Mitigation","Series([], )","Series([], )","Series([], )",N/A
213,"Series([], )",[],N/A,"Statistical Modeling-General, Mitigation","Series([], )","Series([], )","Series([], )",N/A
214,"Series([], )",[],N/A,"Statistical Modeling-General, Mitigation","Series([], )","Series([], )","Series([], )",N/A
215,"Series([], )",[],N/A,"Statistical Modeling-General, Mitigation","Series([], )","Series([], )","Series([], )",N/A
216,"Series([], )",[],N/A,"Statistical Modeling-General, Mitigation","Series([], )","Series([], )","Series([], )",N/A
217,"Series([], )",[],N/A,"Testing and Validation-Evaluation Metrics, Problem Identification","Series([], )","Series([], )","Series([], )",N/A
218,"Series([], )",[],N/A,"Testing and Validation-Evaluation Metrics, Problem Identification","Series([], )","Series([], )","Series([], )",N/A
219,"Series([], )",[],N/A,"Testing and Validation-Evaluation Metrics, Problem Identification","Series([], )","Series([], )","Series([], )",N/A
220,"Series([], )",[],N/A,"Testing and Validation-Evaluation Metrics, Problem Identification","Series([], )","Series([], )","Series([], )",N/A
221,"Series([], )",[],N/A,"Testing and Validation-Evaluation Metrics, Problem Identification","Series([], )","Series([], )","Series([], )",N/A
222,"Series([], )",[],N/A,"Testing and Validation-Evaluation Metrics, Measurement","Series([], )","Series([], )","Series([], )",N/A
223,"Series([], )",[],N/A,"Testing and Validation-Evaluation Metrics, Measurement","Series([], )","Series([], )","Series([], )",N/A
224,"Series([], )",[],N/A,"Testing and Validation-Evaluation Metrics, Measurement","Series([], )","Series([], )","Series([], )",N/A
225,"Series([], )",[],N/A,"Testing and Validation-Evaluation Metrics, Measurement","Series([], )","Series([], )","Series([], )",N/A
226,"Series([], )",[],N/A,"Testing and Validation-Evaluation Metrics, Measurement","Series([], )","Series([], )","Series([], )",N/A
227,"Series([], )",[],N/A,"Testing and Validation-Evaluation Metrics, Measurement","Series([], )","Series([], )","Series([], )",N/A
228,"Series([], )",[],N/A,"Testing and Validation-Evaluation Metrics, Measurement","Series([], )","Series([], )","Series([], )",N/A
229,"Series([], )",[],N/A,"Testing and Validation-Evaluation Metrics, Measurement","Series([], )","Series([], )","Series([], )",N/A
230,"Series([], )",[],N/A,"Testing and Validation-Evaluation Metrics, Measurement","Series([], )","Series([], )","Series([], )",N/A
231,"Series([], )",[],N/A,"Testing and Validation-Evaluation Metrics, Measurement","Series([], )","Series([], )","Series([], )",N/A
232,"Series([], )",[],N/A,"Testing and Validation-Evaluation Metrics, Measurement","Series([], )","Series([], )","Series([], )",N/A
233,"Series([], )",[],N/A,"Testing and Validation-Evaluation Metrics, Measurement","Series([], )","Series([], )","Series([], )",N/A
234,"Series([], )",[],N/A,"Testing and Validation-Evaluation Metrics, Measurement","Series([], )","Series([], )","Series([], )",N/A
235,"Series([], )",[],N/A,"Testing and Validation-Evaluation Metrics, Measurement","Series([], )","Series([], )","Series([], )",N/A
236,"Series([], )",[],N/A,"Testing and Validation-Evaluation Metrics, Measurement","Series([], )","Series([], )","Series([], )",N/A
237,"Series([], )",[],N/A,"Testing and Validation-Evaluation Metrics, Measurement","Series([], )","Series([], )","Series([], )",N/A
238,"Series([], )",[],N/A,"Testing and Validation-Evaluation Metrics, Measurement","Series([], )","Series([], )","Series([], )",N/A
239,"Series([], )",[],N/A,"Testing and Validation-Evaluation Metrics, Measurement","Series([], )","Series([], )","Series([], )",N/A
240,"Series([], )",[],N/A,"Testing and Validation-Evaluation Metrics, Mitigation","Series([], )","Series([], )","Series([], )",N/A
241,"Series([], )",[],N/A,"Testing and Validation-Evaluation Metrics, Mitigation","Series([], )","Series([], )","Series([], )",N/A
242,"Series([], )",[],N/A,"Testing and Validation-Evaluation Metrics, Mitigation","Series([], )","Series([], )","Series([], )",N/A
243,"Series([], )",[],N/A,"Testing and Validation-Evaluation Metrics, Mitigation","Series([], )","Series([], )","Series([], )",N/A
244,"Series([], )",[],N/A,"Testing and Validation-Evaluation Metrics, Mitigation","Series([], )","Series([], )","Series([], )",N/A
245,"Series([], )",[],N/A,"Testing and Validation-Evaluation Metrics, Mitigation","Series([], )","Series([], )","Series([], )",N/A
246,"Series([], )",[],N/A,"Testing and Validation-Evaluation Metrics, Mitigation","Series([], )","Series([], )","Series([], )",N/A
247,"Series([], )",[],N/A,"Testing and Validation-Evaluation Metrics, Mitigation","Series([], )","Series([], )","Series([], )",N/A
248,"Series([], )",[],N/A,"Testing and Validation-Evaluation Metrics, Mitigation","Series([], )","Series([], )","Series([], )",N/A
249,"Series([], )",[],N/A,"Testing and Validation-Evaluation Metrics, Mitigation","Series([], )","Series([], )","Series([], )",N/A
250,"Series([], )",[],N/A,"Testing and Validation-Evaluation Metrics, Mitigation","Series([], )","Series([], )","Series([], )",N/A
251,"Series([], )",[],N/A,"Testing and Validation-Evaluation Metrics, Mitigation","Series([], )","Series([], )","Series([], )",N/A
252,"Series([], )",[],N/A,"Testing and Validation-General, Problem Identification","Series([], )","Series([], )","Series([], )",N/A
253,"Series([], )",[],N/A,"Testing and Validation-General, Problem Identification","Series([], )","Series([], )","Series([], )",N/A
254,"Series([], )",[],N/A,"Testing and Validation-General, Measurement","Series([], )","Series([], )","Series([], )",N/A
255,"Series([], )",[],N/A,"Testing and Validation-General, Measurement","Series([], )","Series([], )","Series([], )",N/A
256,"Series([], )",[],N/A,"Testing and Validation-General, Measurement","Series([], )","Series([], )","Series([], )",N/A
257,"Series([], )",[],N/A,"Testing and Validation-General, Measurement","Series([], )","Series([], )","Series([], )",N/A
258,"Series([], )",[],N/A,"Testing and Validation-General, Measurement","Series([], )","Series([], )","Series([], )",N/A
259,"Series([], )",[],N/A,"Testing and Validation-General, Measurement","Series([], )","Series([], )","Series([], )",N/A
260,"Series([], )",[],N/A,"Testing and Validation-General, Measurement","Series([], )","Series([], )","Series([], )",N/A
261,"Series([], )",[],N/A,"Testing and Validation-General, Mitigation","Series([], )","Series([], )","Series([], )",N/A
262,"Series([], )",[],N/A,"Testing and Validation-General, Mitigation","Series([], )","Series([], )","Series([], )",N/A
263,"Series([], )",[],N/A,"Testing and Validation-General, Mitigation","Series([], )","Series([], )","Series([], )",N/A
264,"Series([], )",[],N/A,"Testing and Validation-General, Mitigation","Series([], )","Series([], )","Series([], )",N/A
265,"Series([], )",[],N/A,"Deployment and Integration-Human/Computer Handoff, Problem Identification","Series([], )","Series([], )","Series([], )",N/A
266,"Series([], )",[],N/A,"Deployment and Integration-Human/Computer Handoff, Problem Identification","Series([], )","Series([], )","Series([], )",N/A
267,"Series([], )",[],N/A,"Deployment and Integration-Human/Computer Handoff, Problem Identification","Series([], )","Series([], )","Series([], )",N/A
268,"Series([], )",[],N/A,"Deployment and Integration-Human/Computer Handoff, Problem Identification","Series([], )","Series([], )","Series([], )",N/A
269,"Series([], )",[],N/A,"Deployment and Integration-Human/Computer Handoff, Problem Identification","Series([], )","Series([], )","Series([], )",N/A
270,"Series([], )",[],N/A,"Deployment and Integration-Human/Computer Handoff, Problem Identification","Series([], )","Series([], )","Series([], )",N/A
271,"Series([], )",[],N/A,"Deployment and Integration-Human/Computer Handoff, Problem Identification","Series([], )","Series([], )","Series([], )",N/A
272,"Series([], )",[],N/A,"Deployment and Integration-Human/Computer Handoff, Problem Identification","Series([], )","Series([], )","Series([], )",N/A
273,"Series([], )",[],N/A,"Deployment and Integration-Human/Computer Handoff, Problem Identification","Series([], )","Series([], )","Series([], )",N/A
274,"Series([], )",[],N/A,"Deployment and Integration-Human/Computer Handoff, Measurement","Series([], )","Series([], )","Series([], )",N/A
275,"Series([], )",[],N/A,"Deployment and Integration-Human/Computer Handoff, Mitigation","Series([], )","Series([], )","Series([], )",N/A
276,"Series([], )",[],N/A,"Deployment and Integration-Maintenance Oversight, Measurement","Series([], )","Series([], )","Series([], )",N/A
277,"Series([], )",[],N/A,"Deployment and Integration-General, Problem Identification","Series([], )","Series([], )","Series([], )",N/A
278,"Series([], )",[],N/A,"Deployment and Integration-General, Problem Identification","Series([], )","Series([], )","Series([], )",N/A
279,"Series([], )",[],N/A,"Deployment and Integration-General, Problem Identification","Series([], )","Series([], )","Series([], )",N/A
280,"Series([], )",[],N/A,"Deployment and Integration-General, Problem Identification","Series([], )","Series([], )","Series([], )",N/A
281,"Series([], )",[],N/A,"Deployment and Integration-General, Problem Identification","Series([], )","Series([], )","Series([], )",N/A
282,"Series([], )",[],N/A,"Deployment and Integration-General, Problem Identification","Series([], )","Series([], )","Series([], )",N/A
283,"Series([], )",[],N/A,"Deployment and Integration-General, Problem Identification","Series([], )","Series([], )","Series([], )",N/A
284,"Series([], )",[],N/A,"Deployment and Integration-General, Problem Identification","Series([], )","Series([], )","Series([], )",N/A
285,"Series([], )",[],N/A,"Deployment and Integration-General, Problem Identification","Series([], )","Series([], )","Series([], )",N/A
286,"Series([], )",[],N/A,"Deployment and Integration-General, Measurement","Series([], )","Series([], )","Series([], )",N/A
287,"Series([], )",[],N/A,"Deployment and Integration-General, Measurement","Series([], )","Series([], )","Series([], )",N/A
288,"Series([], )",[],N/A,"Deployment and Integration-General, Measurement","Series([], )","Series([], )","Series([], )",N/A
289,"Series([], )",[],N/A,"Deployment and Integration-General, Measurement","Series([], )","Series([], )","Series([], )",N/A
290,"Series([], )",[],N/A,"Deployment and Integration-General, Measurement","Series([], )","Series([], )","Series([], )",N/A
291,"Series([], )",[],N/A,"Deployment and Integration-General, Measurement","Series([], )","Series([], )","Series([], )",N/A
292,"Series([], )",[],N/A,"Deployment and Integration-General, Mitigation","Series([], )","Series([], )","Series([], )",N/A
293,"Series([], )",[],N/A,"Deployment and Integration-General, Mitigation","Series([], )","Series([], )","Series([], )",N/A
294,"Series([], )",[],N/A,"Deployment and Integration-General, Mitigation","Series([], )","Series([], )","Series([], )",N/A
295,"Series([], )",[],N/A,"Deployment and Integration-General, Mitigation","Series([], )","Series([], )","Series([], )",N/A
296,"Series([], )",[],N/A,"Deployment and Integration-General, Mitigation","Series([], )","Series([], )","Series([], )",N/A
297,"Series([], )",[],N/A,"Deployment and Integration-General, Mitigation","Series([], )","Series([], )","Series([], )",N/A
298,"Series([], )",[],N/A,"Deployment and Integration-General, Mitigation","Series([], )","Series([], )","Series([], )",N/A
